<?xml version="1.0" encoding="ISO-8859-1"?>
<project name="AllTests" default="wt.full" basedir=".">

  <property name="webtest.home" value="${basedir}/.."/>
  <import file="${webtest.home}/webtest.xml"/>
  
  <property name="wt.webtestMonitor.skip" value="true" />
  <property name="wt.openResultFile.skip" value="true" />
  <property name="wt.testInWork" value="${webtest.testdir}/${webtest.testfile}/"/>
  <property name="wt.config.resultpath" value="${webtest.testdir}/output"/>
  
  <property name="webtest.config.skipCleanup" value="true" />
	<property name="webtest.config.resultpath" value="${webtest.testdir}/output"/>

</project>
